{
  "providerId": "Microsoft.Tools.ServiceModel.Svcutil",
  "version": "2.1.0",
  "options": {
    "inputs": [
      "https://pec.shaparak.ir/NewIPGServices/Sale/SaleService.asmx?WSDL"
    ],
    "namespaceMappings": [
      "*, ServiceReference1"
    ],
    "outputFile": "Reference.cs",
    "references": [
      "Azure.Core, {Azure.Core, 1.35.0}",
      "Azure.Identity, {Azure.Identity, 1.10.3}",
      "Dto, {ZarinPal, 3.0.1}",
      "Hangfire.AspNetCore, {Hangfire.AspNetCore, 1.8.15}",
      "Hangfire.Core, {Hangfire.Core, 1.8.15}",
      "Hangfire.NetCore, {Hangfire.NetCore, 1.8.15}",
      "Hangfire.SqlServer, {Hangfire.SqlServer, 1.8.15}",
      "Humanizer, {Humanizer.Core, 2.14.1}",
      "Microsoft.AspNetCore.Authentication.JwtBearer, {Microsoft.AspNetCore.Authentication.JwtBearer, 8.0.10}",
      "Microsoft.AspNetCore.OpenApi, {Microsoft.AspNetCore.OpenApi, 8.0.8}",
      "Microsoft.Bcl.AsyncInterfaces, {Microsoft.Bcl.AsyncInterfaces, 6.0.0}",
      "Microsoft.CodeAnalysis, {Microsoft.CodeAnalysis.Common, 4.5.0}",
      "Microsoft.CodeAnalysis.CSharp, {Microsoft.CodeAnalysis.CSharp, 4.5.0}",
      "Microsoft.CodeAnalysis.CSharp.Workspaces, {Microsoft.CodeAnalysis.CSharp.Workspaces, 4.5.0}",
      "Microsoft.CodeAnalysis.Workspaces, {Microsoft.CodeAnalysis.Workspaces.Common, 4.5.0}",
      "Microsoft.Data.SqlClient, {Microsoft.Data.SqlClient, 5.1.5}",
      "Microsoft.EntityFrameworkCore, {Microsoft.EntityFrameworkCore, 8.0.10}",
      "Microsoft.EntityFrameworkCore.Abstractions, {Microsoft.EntityFrameworkCore.Abstractions, 8.0.10}",
      "Microsoft.EntityFrameworkCore.Relational, {Microsoft.EntityFrameworkCore.Relational, 8.0.10}",
      "Microsoft.EntityFrameworkCore.SqlServer, {Microsoft.EntityFrameworkCore.SqlServer, 8.0.10}",
      "Microsoft.Extensions.Caching.Abstractions, {Microsoft.Extensions.Caching.Abstractions, 8.0.0}",
      "Microsoft.Extensions.Caching.Memory, {Microsoft.Extensions.Caching.Memory, 8.0.1}",
      "Microsoft.Extensions.Configuration, {Microsoft.Extensions.Configuration, 8.0.0}",
      "Microsoft.Extensions.Configuration.Abstractions, {Microsoft.Extensions.Configuration.Abstractions, 8.0.0}",
      "Microsoft.Extensions.Configuration.FileExtensions, {Microsoft.Extensions.Configuration.FileExtensions, 8.0.1}",
      "Microsoft.Extensions.Configuration.Json, {Microsoft.Extensions.Configuration.Json, 8.0.1}",
      "Microsoft.Extensions.DependencyInjection, {Microsoft.Extensions.DependencyInjection, 8.0.1}",
      "Microsoft.Extensions.DependencyInjection.Abstractions, {Microsoft.Extensions.DependencyInjection.Abstractions, 8.0.2}",
      "Microsoft.Extensions.DependencyModel, {Microsoft.Extensions.DependencyModel, 8.0.2}",
      "Microsoft.Extensions.FileProviders.Abstractions, {Microsoft.Extensions.FileProviders.Abstractions, 8.0.0}",
      "Microsoft.Extensions.FileProviders.Physical, {Microsoft.Extensions.FileProviders.Physical, 8.0.0}",
      "Microsoft.Extensions.FileSystemGlobbing, {Microsoft.Extensions.FileSystemGlobbing, 8.0.0}",
      "Microsoft.Extensions.Hosting.Abstractions, {Microsoft.Extensions.Hosting.Abstractions, 3.0.0}",
      "Microsoft.Extensions.Logging, {Microsoft.Extensions.Logging, 8.0.1}",
      "Microsoft.Extensions.Logging.Abstractions, {Microsoft.Extensions.Logging.Abstractions, 8.0.2}",
      "Microsoft.Extensions.ObjectPool, {Microsoft.Extensions.ObjectPool, 8.0.10}",
      "Microsoft.Extensions.Options, {Microsoft.Extensions.Options, 8.0.2}",
      "Microsoft.Extensions.Primitives, {Microsoft.Extensions.Primitives, 8.0.0}",
      "Microsoft.Identity.Client, {Microsoft.Identity.Client, 4.56.0}",
      "Microsoft.Identity.Client.Extensions.Msal, {Microsoft.Identity.Client.Extensions.Msal, 4.56.0}",
      "Microsoft.IdentityModel.Abstractions, {Microsoft.IdentityModel.Abstractions, 7.1.2}",
      "Microsoft.IdentityModel.JsonWebTokens, {Microsoft.IdentityModel.JsonWebTokens, 7.1.2}",
      "Microsoft.IdentityModel.Logging, {Microsoft.IdentityModel.Logging, 7.1.2}",
      "Microsoft.IdentityModel.Protocols, {Microsoft.IdentityModel.Protocols, 7.1.2}",
      "Microsoft.IdentityModel.Protocols.OpenIdConnect, {Microsoft.IdentityModel.Protocols.OpenIdConnect, 7.1.2}",
      "Microsoft.IdentityModel.Protocols.WsTrust, {Microsoft.IdentityModel.Protocols.WsTrust, 6.8.0}",
      "Microsoft.IdentityModel.Tokens, {Microsoft.IdentityModel.Tokens, 7.1.2}",
      "Microsoft.IdentityModel.Tokens.Saml, {Microsoft.IdentityModel.Tokens.Saml, 6.8.0}",
      "Microsoft.IdentityModel.Xml, {Microsoft.IdentityModel.Xml, 6.8.0}",
      "Microsoft.OpenApi, {Microsoft.OpenApi, 1.6.14}",
      "Microsoft.SqlServer.Server, {Microsoft.SqlServer.Server, 1.0.0}",
      "Mono.TextTemplating, {Mono.TextTemplating, 2.2.1}",
      "Newtonsoft.Json, {Newtonsoft.Json, 13.0.1}",
      "Service, {ZarinPal, 3.0.1}",
      "SmsIrRestfulNetCore, {SmsIrRestfulNetCore, 1.1.4}",
      "Swashbuckle.AspNetCore.Swagger, {Swashbuckle.AspNetCore.Swagger, 6.9.0}",
      "Swashbuckle.AspNetCore.SwaggerGen, {Swashbuckle.AspNetCore.SwaggerGen, 6.9.0}",
      "Swashbuckle.AspNetCore.SwaggerUI, {Swashbuckle.AspNetCore.SwaggerUI, 6.9.0}",
      "System.CodeDom, {System.CodeDom, 4.4.0}",
      "System.Collections.Immutable, {System.Collections.Immutable, 6.0.0}",
      "System.Composition.AttributedModel, {System.Composition.AttributedModel, 6.0.0}",
      "System.Composition.Convention, {System.Composition.Convention, 6.0.0}",
      "System.Composition.Hosting, {System.Composition.Hosting, 6.0.0}",
      "System.Composition.Runtime, {System.Composition.Runtime, 6.0.0}",
      "System.Composition.TypedParts, {System.Composition.TypedParts, 6.0.0}",
      "System.Diagnostics.DiagnosticSource, {System.Diagnostics.DiagnosticSource, 6.0.1}",
      "System.IdentityModel.Tokens.Jwt, {System.IdentityModel.Tokens.Jwt, 7.1.2}",
      "System.IO, {System.IO, 4.3.0}",
      "System.IO.FileSystem.AccessControl, {System.IO.FileSystem.AccessControl, 5.0.0}",
      "System.IO.Pipelines, {System.IO.Pipelines, 6.0.3}",
      "System.Memory.Data, {System.Memory.Data, 1.0.2}",
      "System.Reflection.DispatchProxy, {System.Reflection.DispatchProxy, 4.7.1}",
      "System.Reflection.Metadata, {System.Reflection.Metadata, 6.0.1}",
      "System.Runtime, {System.Runtime, 4.3.0}",
      "System.Runtime.CompilerServices.Unsafe, {System.Runtime.CompilerServices.Unsafe, 6.0.0}",
      "System.Security.AccessControl, {System.Security.AccessControl, 6.0.0}",
      "System.Security.Cryptography.Cng, {System.Security.Cryptography.Cng, 5.0.0}",
      "System.Security.Cryptography.Pkcs, {System.Security.Cryptography.Pkcs, 8.0.1}",
      "System.Security.Cryptography.ProtectedData, {System.Security.Cryptography.ProtectedData, 6.0.0}",
      "System.Security.Cryptography.Xml, {System.Security.Cryptography.Xml, 8.0.2}",
      "System.Security.Principal.Windows, {System.Security.Principal.Windows, 5.0.0}",
      "System.Text.Encoding, {System.Text.Encoding, 4.3.0}",
      "System.Text.Encoding.CodePages, {System.Text.Encoding.CodePages, 6.0.0}",
      "System.Text.Encodings.Web, {System.Text.Encodings.Web, 6.0.0}",
      "System.Text.Json, {System.Text.Json, 4.7.2}",
      "System.Threading.Channels, {System.Threading.Channels, 6.0.0}",
      "System.Threading.Tasks, {System.Threading.Tasks, 4.3.0}",
      "System.Xml.ReaderWriter, {System.Xml.ReaderWriter, 4.3.0}",
      "System.Xml.XmlDocument, {System.Xml.XmlDocument, 4.3.0}",
      "ZarinPal, {ZarinPal, 3.0.1}"
    ],
    "targetFramework": "net8.0",
    "typeReuseMode": "All"
  }
}